{
	"name": "Ayu One Dark Pro | Mirage Bordered",
	"type": "dark",
	"colors": {
	  "menu.foreground": "#8f929b",
	  "focusBorder": "#8c929c",
	  "foreground": "#707a8c",
	  "widget.shadow": "#141925",
	  "selection.background": "#2a3546fd",
	  "textBlockQuote.background": "#232834",
	  "textLink.foreground": "#ff8dbd",
	  "textLink.activeForeground": "#ffcc66",
	  "textPreformat.foreground": "#cbccc6",
	  "button.background": "#ff66a1",
	  "button.foreground": "#f5f5f6",
	  "button.hoverBackground": "#ff66a1",
	  "dropdown.background": "#262729",
	  "dropdown.foreground": "#2368e9",
	  "dropdown.border": "#373e4c",
	  "input.background": "#232834",
	  "input.border": "#373e4c",
	  "input.foreground": "#cbccc6",
	  "input.placeholderForeground": "#586070",
	  "inputOption.activeBorder": "#ffcc66",
	  "inputValidation.errorBackground": "#1f2430",
	  "inputValidation.errorBorder": "#ff3333",
	  "inputValidation.infoBackground": "#1f2430",
	  "inputValidation.infoBorder": "#5ccfe6",
	  "inputValidation.warningBackground": "#2f3035",
	  "inputValidation.warningBorder": "#ffd580",
	  "scrollbar.shadow": "#191e2a",
	  "scrollbarSlider.background": "#707a8c66",
	  "scrollbarSlider.hoverBackground": "#707a8c99",
	  "scrollbarSlider.activeBackground": "#707a8cb3",
	  "badge.background": "#ff66a1",
	  "badge.foreground": "#f5f5f6",
	  "progressBar.background": "#ffcc66",
	  "list.activeSelectionBackground": "#282b31",
	  "list.activeSelectionForeground": "#fb60fb",
	  "list.focusBackground": "#191e2a",
	  "list.focusForeground": "#707a8c",
	  "list.highlightForeground": "#ffcc66",
	  "list.hoverBackground": "#191e2a",
	  "list.hoverForeground": "#707a8c",
	  "list.inactiveSelectionBackground": "#191e2a",
	  "list.inactiveSelectionForeground": "#707a8c",
	  "list.invalidItemForeground": "#586070",
	  // "activityBar.background": "#1f2430",
	  "activityBar.background": "#191a1d",
	  "activityBar.foreground": "#ff8dbd",
	  "activityBar.border": "#262729",
	  "activityBarBadge.background": "#ff66a1",
	  "activityBarBadge.foreground": "#f5f5f6",
	  "activityBar.activeBorder": "#fd84b7de",
	  "activityBar.activeBackground": "#27200e",
	  "sideBar.foreground": "#8d95a3",
	  // "sideBar.background": "#1f2430",
	  "sideBar.background": "#191a1d",
	  "sideBar.border": "#262729",
	  "sideBarTitle.foreground": "#b8caeb",
	  // "sideBarSectionHeader.background": "#1f2430",
	  "sideBarSectionHeader.background": "#262729",
	  "sideBarSectionHeader.foreground": "#bec8bc",
	  "editorGroup.border": "#191e2a",
	  "editorGroupHeader.noTabsBackground": "#191a1d",
	  // "editorGroupHeader.tabsBackground": "#1f2430",
	  "editorGroupHeader.tabsBackground": "#2f3035",
	  "editorGroupHeader.tabsBorder": "#161718",
	  "tab.activeBackground": "#212122",
	  "tab.activeForeground": "#b5b6b3",
	  "tab.border": "#5a5357",
	  "tab.activeBorderTop": "#ff66a1",
	  "tab.unfocusedActiveBorderTop": "#707a8c",
	  "tab.inactiveBackground": "#2f3035",
	  "tab.inactiveForeground": "#afb5c0",
	  "tab.unfocusedActiveForeground": "#707a8c",
	  "tab.unfocusedInactiveForeground": "#707a8c",
	  "editor.background": "#0e0f11",
	  "editor.foreground": "#cbccc6",
	  "editorLineNumber.foreground": "#707a8c66",
	  "editorLineNumber.activeForeground": "#707a8ccc",
	  "editorCursor.foreground": "#ffcc66",
	  "editor.selectionBackground": "#2a3546",
	  "editor.inactiveSelectionBackground": "#262f3e",
	  "editor.selectionHighlightBackground": "#262f3e",
	  "editor.selectionHighlightBorder": "#313e52",
	  "editor.wordHighlightBackground": "#262f3e",
	  "editor.wordHighlightStrongBackground": "#ffcc6633",
	  "editor.findMatchBackground": "#2f3035",
	  "editor.findMatchBorder": "#ffcc66",
	  "editor.findMatchHighlightBackground": "#ffcc660d",
	  "editor.findMatchHighlightBorder": "#ffcc6659",
	  "editor.findRangeHighlightBackground": "#262f3e",
	  "editor.findRangeHighlightBorder": "#1f243000",
	  "editor.lineHighlightBackground": "#191e2a",
	  "editorLink.activeForeground": "#ffcc66",
	  "editor.rangeHighlightBackground": "#191e2a",
	  "editorWhitespace.foreground": "#707a8c66",
	  "editorIndentGuide.background": "#707a8c4d",
	  "editorIndentGuide.activeBackground": "#707a8cb3",
	  "editorRuler.foreground": "#707a8c4d",
	  "editorCodeLens.foreground": "#5c6773",
	  "editorBracketMatch.background": "#707a8c4d",
	  "editorBracketMatch.border": "#707a8c99",
	  "editorOverviewRuler.border": "#191e2a",
	  "editorOverviewRuler.modifiedForeground": "#77a8d999",
	  "editorOverviewRuler.addedForeground": "#a6cc7099",
	  "editorOverviewRuler.deletedForeground": "#f2798399",
	  "editorOverviewRuler.errorForeground": "#ff3333",
	  "editorOverviewRuler.warningForeground": "#ffcc66",
	  "editorError.foreground": "#ff3333",
	  "editorWarning.foreground": "#ffcc66",
	  "editorGutter.modifiedBackground": "#77a8d999",
	  "editorGutter.addedBackground": "#a6cc7099",
	  "editorGutter.deletedBackground": "#f2798399",
	  "diffEditor.insertedTextBackground": "#bae67e26",
	  "diffEditor.removedTextBackground": "#f29e7426",
	  "editorWidget.background": "#232834",
	  "editorSuggestWidget.background": "#232834",
	  "editorSuggestWidget.border": "#101521",
	  "editorSuggestWidget.highlightForeground": "#ffcc66",
	  "editorSuggestWidget.selectedBackground": "#191e2a",
	  "editorHoverWidget.background": "#232834",
	  "editorHoverWidget.border": "#101521",
	  "debugExceptionWidget.border": "#191e2a",
	  "debugExceptionWidget.background": "#191a1d",
	  "editorMarkerNavigation.background": "#262729",
	  "peekView.border": "#191e2a",
	  "peekViewEditor.background": "#232834",
	  "peekViewEditor.matchHighlightBackground": "#ffcc6633",
	  "peekViewResult.background": "#262729",
	  "peekViewResult.fileForeground": "#707a8c",
	  "peekViewResult.matchHighlightBackground": "#ffcc6633",
	  "peekViewTitle.background": "#232834",
	  "peekViewTitleDescription.foreground": "#707a8c",
	  "peekViewTitleLabel.foreground": "#707a8c",
	  "panel.background": "#262729",
	  "panel.border": "#191e2a",
	  "panelTitle.activeBorder": "#ff66a1",
	  "panelTitle.activeForeground": "#cbccc6",
	  "panelTitle.inactiveForeground": "#707a8c",
	  // "statusBar.background": "#1f2430",
	  "statusBar.background": "#191a1d",
	  "statusBar.foreground": "#9b647b",
	  "statusBar.border": "#191a1d",
	  "statusBar.debuggingBackground": "#f29e74",
	  "statusBar.debuggingForeground": "#1f2430",
	  "statusBar.noFolderBackground": "#191a1d",
	  "statusBarItem.activeBackground": "#191a1d",
	  "statusBarItem.hoverBackground": "#00000030",
	  "statusBarItem.prominentBackground": "#191e2a",
	  "statusBarItem.prominentHoverBackground": "#92050530",
	  // "titleBar.activeBackground": "#1f2430",
	  "titleBar.activeBackground": "#262729",
	  "titleBar.activeForeground": "#e985af",
	  // "titleBar.inactiveBackground": "#1f2430",
	  "titleBar.inactiveBackground": "#262729",
	  "titleBar.inactiveForeground": "#e985af",
	  "titleBar.border": "#191e2a",
	  "extensionButton.prominentForeground": "#f5f5f6",
	  "extensionButton.prominentBackground": "#ff66a1",
	  "extensionButton.prominentHoverBackground": "#ff66a1",
	  "pickerGroup.border": "#191e2a",
	  "pickerGroup.foreground": "#484f5e",
	  "debugToolBar.background": "#262729",
	  "walkThrough.embeddedEditorBackground": "#232834",
	  // "gitDecoration.modifiedResourceForeground": "#77a8d9b3",
	  "gitDecoration.modifiedResourceForeground": "#ffde9d",
	  "gitDecoration.deletedResourceForeground": "#f27983b3",
	  "gitDecoration.untrackedResourceForeground": "#a6cc70b3",
	  "gitDecoration.ignoredResourceForeground": "#484f5e",
	  "gitDecoration.conflictingResourceForeground": "#f27983b3",
	  "gitDecoration.submoduleResourceForeground": "#d4bfffb3",
	  "settings.headerForeground": "#cbccc6",
	  "settings.modifiedItemIndicator": "#77a8d9",
	  "terminal.background": "#262729",
	  "terminal.foreground": "#cbccc6",
	  "terminal.ansiBlack": "#191e2a",
	  "terminal.ansiRed": "#ed8274",
	  "terminal.ansiGreen": "#a6cc70",
	  "terminal.ansiYellow": "#fad07b",
	  "terminal.ansiBlue": "#6dcbfa",
	  "terminal.ansiMagenta": "#cfbafa",
	  "terminal.ansiCyan": "#90e1c6",
	  "terminal.ansiWhite": "#c7c7c7",
	  "terminal.ansiBrightBlack": "#686868",
	  "terminal.ansiBrightRed": "#f28779",
	  "terminal.ansiBrightGreen": "#bae67e",
	  "terminal.ansiBrightYellow": "#ffd580",
	  "terminal.ansiBrightBlue": "#73d0ff",
	  "terminal.ansiBrightMagenta": "#d4bfff",
	  "terminal.ansiBrightCyan": "#95e6cb",
	  "terminal.ansiBrightWhite": "#ffffff",
	  "editorGroup.emptyBackground": "#232834"
	},
	"tokenColors": [
	  {
		"name": "Markup: Heading",
		"scope": "markup.heading",
		"settings": {
		  "fontStyle": "bold"
		}
	  },
	  {
		"name": "Markup: Strong",
		"scope": "markup.bold",
		"settings": {
		  "fontStyle": "bold"
		}
	  },
	  {
		"name": "Sections",
		"scope": "entity.name.section",
		"settings": {
		  "fontStyle": "bold"
		}
	  },
	  {
		"name": "CSS: Important Keyword",
		"scope": "keyword.other.important",
		"settings": {
		  "fontStyle": "bold"
		}
	  },
	  {
		"name": "Functions",
		"scope": [
		  "entity.name.function",
		  "meta.require",
		  "support.function.any-method",
		  "variable.function"
		],
		"settings": {
		  "fontStyle": "bold",
		  "foreground": "#61AFEF"
		}
	  },
	  {
		"name": "Classes",
		"scope": "entity.name.type.namespace",
		"settings": {
		  "fontStyle": "bold",
		  "foreground": "#E5C07B"
		}
	  },
	  {
		"name": "haskell variable generic-type",
		"scope": "variable.other.generic-type.haskell",
		"settings": {
		  "foreground": "#c678dd"
		}
	  },
	  {
		"name": "haskell storage type",
		"scope": "storage.type.haskell",
		"settings": {
		  "foreground": "#d19a66"
		}
	  },
	  {
		"name": "support.variable.magic.python",
		"scope": "support.variable.magic.python",
		"settings": {
		  "foreground": "#e06c75"
		}
	  },
	  {
		"name": "punctuation.separator.parameters.python",
		"scope": "punctuation.separator.period.python,punctuation.separator.element.python,punctuation.parenthesis.begin.python,punctuation.parenthesis.end.python,",
		"settings": {
		  "foreground": "#abb2bf"
		}
	  },
	  {
		"name": "variable.parameter.function.language.special.self.python",
		"scope": "variable.parameter.function.language.special.self.python",
		"settings": {
		  "foreground": "#E5C07B"
		}
	  },
	  {
		"name": "storage.modifier.lifetime.rust",
		"scope": "storage.modifier.lifetime.rust",
		"settings": {
		  "foreground": "#abb2bf"
		}
	  },
	  {
		"name": "support.function.std.rust",
		"scope": "support.function.std.rust",
		"settings": {
		  "foreground": "#61AFEF"
		}
	  },
	  {
		"name": "entity.name.lifetime.rust",
		"scope": "entity.name.lifetime.rust",
		"settings": {
		  "foreground": "#E5C07B"
		}
	  },
	  {
		"name": "variable.language.rust",
		"scope": "variable.language.rust",
		"settings": {
		  "foreground": "#e06c75"
		}
	  },
	  {
		"name": "support.constant.edge",
		"scope": "support.constant.edge",
		"settings": {
		  "foreground": "#c678dd"
		}
	  },
	  {
		"name": "regexp constant character-class",
		"scope": "constant.other.character-class.regexp",
		"settings": {
		  "foreground": "#e06c75"
		}
	  },
	  {
		"name": "regexp operator.quantifier",
		"scope": "keyword.operator.quantifier.regexp",
		"settings": {
		  "foreground": "#d19a66"
		}
	  },
	  {
		"name": "punctuation.definition",
		"scope": "punctuation.definition.string.begin,punctuation.definition.string.end",
		"settings": {
		  "foreground": "#98c379"
		}
	  },
	  {
		"name": "Text",
		"scope": "variable.parameter.function",
		"settings": {
		  "foreground": "#abb2bf"
		}
	  },
	  {
		"name": "Comments",
		"scope": "comment, punctuation.definition.comment",
		"settings": {
		  "foreground": "#7F848E",
		  "fontStyle": "italic"
		}
	  },
	  {
		"name": "Comment Markup Link",
		"scope": "comment markup.link",
		"settings": {
		  "foreground": "#5C6370"
		}
	  },
	  {
		"name": "markup diff",
		"scope": "markup.changed.diff",
		"settings": {
		  "foreground": "#E5C07B"
		}
	  },
	  {
		"name": "diff",
		"scope": "meta.diff.header.from-file,punctuation.definition.from-file.diff",
		"settings": {
		  "foreground": "#61AFEF"
		}
	  },
	  {
		"name": "inserted.diff",
		"scope": "markup.inserted.diff",
		"settings": {
		  "foreground": "#98c379"
		}
	  },
	  {
		"name": "deleted.diff",
		"scope": "markup.deleted.diff",
		"settings": {
		  "foreground": "#e06c75"
		}
	  },
	  {
		"name": "c++ function",
		"scope": "meta.function.c,meta.function.cpp",
		"settings": {
		  "foreground": "#e06c75"
		}
	  },
	  {
		"name": "c++ block",
		"scope": "punctuation.section.block.begin.bracket.curly.cpp,punctuation.section.block.end.bracket.curly.cpp,punctuation.terminator.statement.c,punctuation.section.block.begin.bracket.curly.c,punctuation.section.block.end.bracket.curly.c,punctuation.section.parens.begin.bracket.round.c,punctuation.section.parens.end.bracket.round.c,punctuation.section.parameters.begin.bracket.round.c,punctuation.section.parameters.end.bracket.round.c",
		"settings": {
		  "foreground": "#abb2bf"
		}
	  },
	  {
		"name": "js/ts punctuation separator key-value",
		"scope": "punctuation.separator.key-value",
		"settings": {
		  "foreground": "#abb2bf"
		}
	  },
	  {
		"name": "js/ts italic",
		"scope": "entity.other.attribute-name.js,entity.other.attribute-name.ts,entity.other.attribute-name.jsx,entity.other.attribute-name.tsx,variable.parameter,variable.language.super",
		"settings": {
		  "fontStyle": "italic"
		}
	  },
	  {
		"name": "js/ts import keyword",
		"scope": "keyword.operator.expression.import",
		"settings": {
		  "foreground": "#61AFEF"
		}
	  },
	  {
		"name": "math js/ts",
		"scope": "support.constant.math",
		"settings": {
		  "foreground": "#E5C07B"
		}
	  },
	  {
		"name": "math property js/ts",
		"scope": "support.constant.property.math",
		"settings": {
		  "foreground": "#d19a66"
		}
	  },
	  {
		"name": "js/ts variable.other.constant",
		"scope": "variable.other.constant",
		"settings": {
		  "foreground": "#E5C07B"
		}
	  },
	  {
		"name": "java type",
		"scope": "storage.type.annotation.java",
		"settings": {
		  "foreground": "#E5C07B"
		}
	  },
	  {
		"name": "java source",
		"scope": "source.java",
		"settings": {
		  "foreground": "#e06c75"
		}
	  },
	  {
		"name": "java modifier.import",
		"scope": "punctuation.section.block.begin.java,punctuation.section.block.end.java,punctuation.definition.method-parameters.begin.java,punctuation.definition.method-parameters.end.java,meta.method.identifier.java,punctuation.section.method.begin.java,punctuation.section.method.end.java,punctuation.terminator.java,punctuation.section.class.begin.java,punctuation.section.class.end.java,punctuation.section.inner-class.begin.java,punctuation.section.inner-class.end.java,meta.method-call.java,storage.type.generic.java,punctuation.section.class.begin.bracket.curly.java,punctuation.section.class.end.bracket.curly.java,punctuation.section.method.begin.bracket.curly.java,punctuation.section.method.end.bracket.curly.java,punctuation.separator.period.java,meta.method.body.java",
		"settings": {
		  "foreground": "#abb2bf"
		}
	  },
	  {
		"name": "java modifier.import",
		"scope": "meta.method.java",
		"settings": {
		  "foreground": "#61AFEF"
		}
	  },
	  {
		"name": "java modifier.import",
		"scope": "storage.modifier.import.java,storage.type.java",
		"settings": {
		  "foreground": "#E5C07B"
		}
	  },
	  {
		"name": "java variable.name",
		"scope": "meta.definition.variable.name.java",
		"settings": {
		  "foreground": "#e06c75"
		}
	  },
	  {
		"name": "operator logical",
		"scope": "keyword.operator.logical.js",
		"settings": {
		  "foreground": "#56b6c2"
		}
	  },
	  {
		"name": "operator bitwise",
		"scope": "keyword.operator.bitwise",
		"settings": {
		  "foreground": "#56b6c2"
		}
	  },
	  {
		"name": "operator channel",
		"scope": "keyword.operator.channel",
		"settings": {
		  "foreground": "#56b6c2"
		}
	  },
	  {
		"name": "support.constant.property-value.scss",
		"scope": "support.constant.property-value.scss,support.constant.property-value.css",
		"settings": {
		  "foreground": "#d19a66"
		}
	  },
	  {
		"name": "CSS/SCSS/LESS Operators",
		"scope": "keyword.operator.css,keyword.operator.scss,keyword.operator.less",
		"settings": {
		  "foreground": "#56b6c2"
		}
	  },
	  {
		"name": "css color standard name",
		"scope": "support.constant.color.w3c-standard-color-name.css,support.constant.color.w3c-standard-color-name.scss",
		"settings": {
		  "foreground": "#d19a66"
		}
	  },
	  {
		"name": "css comma",
		"scope": "punctuation.separator.list.comma.css",
		"settings": {
		  "foreground": "#abb2bf"
		}
	  },
	  {
		"name": "css attribute-name.id",
		"scope": "support.constant.color.w3c-standard-color-name.css",
		"settings": {
		  "foreground": "#d19a66"
		}
	  },
	  {
		"name": "css property-name",
		"scope": "support.type.vendored.property-name.css",
		"settings": {
		  "foreground": "#56b6c2"
		}
	  },
	  {
		"name": "js/ts template-expression",
		"scope": "punctuation.definition.template-expression.begin,punctuation.definition.template-expression.end",
		"settings": {
		  "foreground": "#e06c75"
		}
	  },
	  {
		"name": "js/ts module",
		"scope": "support.module.node,support.type.object.module,support.module.node",
		"settings": {
		  "foreground": "#E5C07B"
		}
	  },
	  {
		"name": "entity.name.type.module",
		"scope": "entity.name.type.module",
		"settings": {
		  "foreground": "#E5C07B"
		}
	  },
	  {
		"name": "js variable readwrite",
		"scope": "variable.other.readwrite,support.variable.property,support.variable.object.process,support.variable.object.node",
		"settings": {
		  "foreground": "#e06c75"
		}
	  },
	  {
		"name": "comment",
		"scope": "comment.line.double-slash,comment.block.documentation",
		"settings": {
		  "fontStyle": "italic"
		}
	  },
	  {
		"name": "js/ts json",
		"scope": "support.constant.json",
		"settings": {
		  "foreground": "#d19a66"
		}
	  },
	  {
		"name": "js/ts Keyword",
		"scope": [
		  "keyword.operator.expression.instanceof",
		  "keyword.operator.new",
		  "keyword.operator.ternary",
		  "keyword.operator.optional"
		],
		"settings": {
		  "foreground": "#c678dd",
		  "fontStyle":"italic"
		}
	  },
	  {
		"name": "js/ts console",
		"scope": "support.type.object.console",
		"settings": {
		  "foreground": "#e06c75"
		}
	  },
	  {
		"name": "js/ts support.variable.property.process",
		"scope": "support.variable.property.process",
		"settings": {
		  "foreground": "#d19a66"
		}
	  },
	  {
		"name": "js console function",
		"scope": "entity.name.function,support.function.console",
		"settings": {
		  "foreground": "#61AFEF",
		}
	  },
	  {
		"name": "operator",
		"scope": "keyword.operator",
		"settings": {
		  "foreground": "#56b6c2"
		}
	  },
	  {
		"name": "operator",
		"scope": "keyword.operator.delete",
		"settings": {
		  "foreground": "#c678dd"
		}
	  },
	  {
		"name": "js dom",
		"scope": "support.type.object.dom",
		"settings": {
		  "foreground": "#56b6c2"
		}
	  },
	  {
		"name": "js dom variable",
		"scope": "support.variable.dom,support.variable.property.dom",
		"settings": {
		  "foreground": "#e06c75"
		}
	  },
	  {
		"name": "keyword.operator",
		"scope": "keyword.operator.arithmetic,keyword.operator.comparison,keyword.operator.decrement,keyword.operator.increment",
		"settings": {
		  "foreground": "#56b6c2"
		}
	  },
	  {
		"name": "C operator assignment",
		"scope": "keyword.operator.assignment.c,keyword.operator.comparison.c,keyword.operator.c,keyword.operator.increment.c,keyword.operator.decrement.c,keyword.operator.bitwise.shift.c,keyword.operator.assignment.cpp,keyword.operator.comparison.cpp,keyword.operator.cpp,keyword.operator.increment.cpp,keyword.operator.decrement.cpp,keyword.operator.bitwise.shift.cpp",
		"settings": {
		  "foreground": "#c678dd"
		}
	  },
	  {
		"name": "Punctuation",
		"scope": "punctuation.separator.delimiter",
		"settings": {
		  "foreground": "#abb2bf"
		}
	  },
	  {
		"name": "Other punctuation .c",
		"scope": "punctuation.separator.c,punctuation.separator.cpp",
		"settings": {
		  "foreground": "#c678dd"
		}
	  },
	  {
		"name": "C type posix-reserved",
		"scope": "support.type.posix-reserved.c,support.type.posix-reserved.cpp",
		"settings": {
		  "foreground": "#56b6c2"
		}
	  },
	  {
		"name": "keyword.operator.sizeof.c",
		"scope": "keyword.operator.sizeof.c,keyword.operator.sizeof.cpp",
		"settings": {
		  "foreground": "#c678dd"
		}
	  },
	  {
		"name": "python parameter",
		"scope": "variable.parameter.function.language.python",
		"settings": {
		  "foreground": "#d19a66"
		}
	  },
	  {
		"name": "python type",
		"scope": "support.type.python",
		"settings": {
		  "foreground": "#56b6c2"
		}
	  },
	  {
		"name": "python logical",
		"scope": "keyword.operator.logical.python",
		"settings": {
		  "foreground": "#c678dd"
		}
	  },
	  {
		"name": "pyCs",
		"scope": "variable.parameter.function.python",
		"settings": {
		  "foreground": "#d19a66"
		}
	  },
	  {
		"name": "python block",
		"scope": "punctuation.definition.arguments.begin.python,punctuation.definition.arguments.end.python,punctuation.separator.arguments.python,punctuation.definition.list.begin.python,punctuation.definition.list.end.python",
		"settings": {
		  "foreground": "#abb2bf"
		}
	  },
	  {
		"name": "python function-call.generic",
		"scope": "meta.function-call.generic.python",
		"settings": {
		  "foreground": "#61AFEF"
		}
	  },
	  {
		"name": "python placeholder reset to normal string",
		"scope": "constant.character.format.placeholder.other.python",
		"settings": {
		  "foreground": "#98c379"
		}
	  },
	  {
		"name": "Delimiters",
		"scope": "none",
		"settings": {
		  "foreground": "#abb2bf"
		}
	  },
	  {
		"name": "Operators",
		"scope": "keyword.operator",
		"settings": {
		  "foreground": "#abb2bf"
		}
	  },
	  {
		"name": "Compound Assignment Operators",
		"scope": "keyword.operator.assignment.compound",
		"settings": {
		  "foreground": "#c678dd"
		}
	  },
	  {
		"name": "Keywords",
		"scope": "keyword",
		"settings": {
		  "foreground": "#c678dd"
		}
	  },
	  {
		"name": "Variables",
		"scope": "variable",
		"settings": {
		  "foreground": "#e06c75"
		}
	  },
	  {
		"name": "Language variables",
		"scope": "variable.language",
		"settings": {
		  "foreground": "#E5C07B"
		}
	  },
	  {
		"name": "Java Variables",
		"scope": "token.variable.parameter.java",
		"settings": {
		  "foreground": "#abb2bf"
		}
	  },
	  {
		"name": "Java Imports",
		"scope": "import.storage.java",
		"settings": {
		  "foreground": "#E5C07B"
		}
	  },
	  {
		"name": "Packages",
		"scope": "token.package.keyword",
		"settings": {
		  "foreground": "#c678dd",
		}
	  },
	  {
		"name": "Packages",
		"scope": "token.package",
		"settings": {
		  "foreground": "#abb2bf"
		}
	  },
	  {
		"name": "Classes",
		"scope": "support.class, entity.name.type.class",
		"settings": {
		  "foreground": "#E5C07B"
		}
	  },
	  {
		"name": "Class name",
		"scope": "entity.name.class.identifier.namespace.type",
		"settings": {
		  "foreground": "#E5C07B"
		}
	  },
	  {
		"name": "Class name",
		"scope": [
		  "entity.name.class",
		  "variable.other.class.js",
		  "variable.other.class.ts"
		],
		"settings": {
		  "foreground": "#E5C07B"
		}
	  },
	  {
		"name": "Class name php",
		"scope": "variable.other.class.php",
		"settings": {
		  "foreground": "#e06c75"
		}
	  },
	  {
		"name": "Type Name",
		"scope": "entity.name.type",
		"settings": {
		  "foreground": "#E5C07B"
		}
	  },
	  {
		"name": "Keyword Control",
		"scope": "keyword.control",
		"settings": {
		  "foreground": "#c678dd",
		  "fontStyle": "italic"
		}
	  },
	  {
		"name": "Python Keyword Control",
		"scope": "keyword.control.import.python,keyword.control.flow.python",
		"settings": {
		  "fontStyle": "italic"
		}
	  },
	  {
		"name": "Control Elements",
		"scope": "control.elements, keyword.operator.less",
		"settings": {
		  "foreground": "#d19a66"
		}
	  },
	  {
		"name": "Methods",
		"scope": "keyword.other.special-method",
		"settings": {
		  "foreground": "#61AFEF"
		}
	  },
	  {
		"name": "Storage",
		"scope": "storage",
		"settings": {
		  "foreground": "#c678dd",
		  "fontStyle": "italic"
		}
	  },
	  {
		"name": "Storage JS TS",
		"scope": "token.storage",
		"settings": {
		  "foreground": "#c678dd"
		}
	  },
	  {
		"name": "Source Js Keyword Operator Delete,source Js Keyword Operator In,source Js Keyword Operator Of,source Js Keyword Operator Instanceof,source Js Keyword Operator New,source Js Keyword Operator Typeof,source Js Keyword Operator Void",
		"scope": "keyword.operator.expression.delete,keyword.operator.expression.in,keyword.operator.expression.of,keyword.operator.expression.instanceof,keyword.operator.new,keyword.operator.expression.typeof,keyword.operator.expression.void",
		"settings": {
		  "foreground": "#c678dd"
		}
	  },
	  {
		"name": "Java Storage",
		"scope": "token.storage.type.java",
		"settings": {
		  "foreground": "#E5C07B"
		}
	  },
	  {
		"name": "Support",
		"scope": "support.function",
		"settings": {
		  "foreground": "#56b6c2"
		}
	  },
	  {
		"name": "Support type",
		"scope": "support.type.property-name",
		"settings": {
		  "foreground": "#abb2bf"
		}
	  },
	  {
		"name": "Support type",
		"scope": "support.constant.property-value",
		"settings": {
		  "foreground": "#abb2bf"
		}
	  },
	  {
		"name": "Support type",
		"scope": "support.constant.font-name",
		"settings": {
		  "foreground": "#d19a66"
		}
	  },
	  {
		"name": "Meta tag",
		"scope": "meta.tag",
		"settings": {
		  "foreground": "#abb2bf"
		}
	  },
	  {
		"name": "Strings, Inherited Class",
		"scope": "string, entity.other.inherited-class",
		"settings": {
		  "foreground": "#98c379"
		}
	  },
	  {
		"name": "Constant other symbol",
		"scope": "constant.other.symbol",
		"settings": {
		  "foreground": "#56b6c2"
		}
	  },
	  {
		"name": "Integers",
		"scope": "constant.numeric",
		"settings": {
		  "foreground": "#d19a66"
		}
	  },
	  {
		"name": "Floats",
		"scope": "none",
		"settings": {
		  "foreground": "#d19a66"
		}
	  },
	  {
		"name": "Boolean",
		"scope": "none",
		"settings": {
		  "foreground": "#d19a66"
		}
	  },
	  {
		"name": "Constants",
		"scope": "constant",
		"settings": {
		  "foreground": "#d19a66"
		}
	  },
	  {
		"name": "Constants",
		"scope": "punctuation.definition.constant",
		"settings": {
		  "foreground": "#d19a66"
		}
	  },
	  {
		"name": "Tags",
		"scope": "entity.name.tag",
		"settings": {
		  "foreground": "#e06c75"
		}
	  },
	  {
		"name": "Attributes",
		"scope": "entity.other.attribute-name",
		"settings": {
		  "foreground": "#d19a66"
		}
	  },
	  {
		"name": "Attribute IDs",
		"scope": "entity.other.attribute-name.id",
		"settings": {
		  "foreground": "#61AFEF",
		  "fontStyle": ""
		}
	  },
	  {
		"name": "Attribute class",
		"scope": "entity.other.attribute-name.class.css",
		"settings": {
		  "foreground": "#d19a66",
		  "fontStyle": ""
		}
	  },
	  {
		"name": "Selector",
		"scope": "meta.selector",
		"settings": {
		  "foreground": "#c678dd"
		}
	  },
	  {
		"name": "Values",
		"scope": "none",
		"settings": {
		  "foreground": "#d19a66"
		}
	  },
	  {
		"name": "Headings",
		"scope": "markup.heading",
		"settings": {
		  "fontStyle": "bold",
		  "foreground": "#e06c75"
		}
	  },
	  {
		"name": "Headings",
		"scope": "markup.heading punctuation.definition.heading, entity.name.section",
		"settings": {
		  "foreground": "#61AFEF"
		}
	  },
	  {
		"name": "Units",
		"scope": "keyword.other.unit",
		"settings": {
		  "foreground": "#e06c75"
		}
	  },
	  {
		"name": "Bold",
		"scope": "markup.bold,todo.bold",
		"settings": {
		  "fontStyle": "bold",
		  "foreground": "#d19a66"
		}
	  },
	  {
		"name": "Bold",
		"scope": "punctuation.definition.bold",
		"settings": {
		  "foreground": "#E5C07B"
		}
	  },
	  {
		"name": "Italic",
		"scope": "markup.italic, punctuation.definition.italic,todo.emphasis",
		"settings": {
		  "foreground": "#c678dd"
		}
	  },
	  {
		"name": "Italic",
		"scope": "emphasis md",
		"settings": {
		  "foreground": "#c678dd"
		}
	  },
	  {
		"name": "[VSCODE-CUSTOM] Markdown headings",
		"scope": "entity.name.section.markdown",
		"settings": {
		  "foreground": "#e06c75"
		}
	  },
	  {
		"name": "[VSCODE-CUSTOM] Markdown heading Punctuation Definition",
		"scope": "punctuation.definition.heading.markdown",
		"settings": {
		  "foreground": "#e06c75"
		}
	  },
	  {
		"name": "punctuation.definition.list.begin.markdown",
		"scope": "punctuation.definition.list.begin.markdown",
		"settings": {
		  "foreground": "#e06c75"
		}
	  },
	  {
		"name": "[VSCODE-CUSTOM] Markdown heading setext",
		"scope": "markup.heading.setext",
		"settings": {
		  "foreground": "#abb2bf"
		}
	  },
	  {
		"name": "[VSCODE-CUSTOM] Markdown Punctuation Definition Bold",
		"scope": "punctuation.definition.bold.markdown",
		"settings": {
		  "foreground": "#d19a66"
		}
	  },
	  {
		"name": "[VSCODE-CUSTOM] Markdown Inline Raw",
		"scope": "markup.inline.raw.markdown",
		"settings": {
		  "foreground": "#98c379"
		}
	  },
	  {
		"name": "[VSCODE-CUSTOM] Markdown Inline Raw",
		"scope": "markup.inline.raw.string.markdown",
		"settings": {
		  "foreground": "#98c379"
		}
	  },
	  {
		"name": "[VSCODE-CUSTOM] Markdown List Punctuation Definition",
		"scope": "punctuation.definition.list.markdown",
		"settings": {
		  "foreground": "#e06c75"
		}
	  },
	  {
		"name": "[VSCODE-CUSTOM] Markdown Quote",
		"scope": "markup.quote.markdown",
		"settings": {
		  "foreground": "#5C6370",
		  "fontStyle": "italic"
		}
	  },
	  {
		"name": "[VSCODE-CUSTOM] Markdown Punctuation Definition String",
		"scope": [
		  "punctuation.definition.string.begin.markdown",
		  "punctuation.definition.string.end.markdown",
		  "punctuation.definition.metadata.markdown"
		],
		"settings": {
		  "foreground": "#e06c75"
		}
	  },
	  {
		"name": "beginning.punctuation.definition.list.markdown",
		"scope": [
		  "beginning.punctuation.definition.list.markdown"
		],
		"settings": {
		  "foreground": "#e06c75"
		}
	  },
	  {
		"name": "[VSCODE-CUSTOM] Markdown Punctuation Definition Link",
		"scope": "punctuation.definition.metadata.markdown",
		"settings": {
		  "foreground": "#e06c75"
		}
	  },
	  {
		"name": "[VSCODE-CUSTOM] Markdown Underline Link/Image",
		"scope": "markup.underline.link.markdown,markup.underline.link.image.markdown",
		"settings": {
		  "foreground": "#c678dd"
		}
	  },
	  {
		"name": "[VSCODE-CUSTOM] Markdown Link Title/Description",
		"scope": "string.other.link.title.markdown,string.other.link.description.markdown",
		"settings": {
		  "foreground": "#61AFEF"
		}
	  },
	  {
		"name": "markup.italic.markdown",
		"scope": "markup.italic.markdown",
		"settings": {
		  "fontStyle": "italic"
		}
	  },
	  {
		"name": "markup.bold.markdown",
		"scope": "markup.bold.markdown",
		"settings": {
		  "fontStyle": "bold"
		}
	  },
	  {
		"name": "Regular Expressions",
		"scope": "string.regexp",
		"settings": {
		  "foreground": "#56b6c2"
		}
	  },
	  {
		"name": "Escape Characters",
		"scope": "constant.character.escape",
		"settings": {
		  "foreground": "#56b6c2"
		}
	  },
	  {
		"name": "Embedded",
		"scope": "punctuation.section.embedded, variable.interpolation",
		"settings": {
		  "foreground": "#e06c75"
		}
	  },
	  {
		"name": "Illegal",
		"scope": "invalid.illegal",
		"settings": {
		  "foreground": "#FFFFFF"
		}
	  },
	  {
		"name": "Broken",
		"scope": "invalid.broken",
		"settings": {
		  "foreground": "#FFFFFF"
		}
	  },
	  {
		"name": "Deprecated",
		"scope": "invalid.deprecated",
		"settings": {
		  "foreground": "#FFFFFF"
		}
	  },
	  {
		"name": "Unimplemented",
		"scope": "invalid.unimplemented",
		"settings": {
		  "foreground": "#FFFFFF"
		}
	  },
	  {
		"name": "Source Json Meta Structure Dictionary Json > String Quoted Json",
		"scope": "source.json meta.structure.dictionary.json > string.quoted.json",
		"settings": {
		  "foreground": "#e06c75"
		}
	  },
	  {
		"name": "Source Json Meta Structure Dictionary Json > String Quoted Json > Punctuation String",
		"scope": "source.json meta.structure.dictionary.json > string.quoted.json > punctuation.string",
		"settings": {
		  "foreground": "#e06c75"
		}
	  },
	  {
		"name": "Source Json Meta Structure Dictionary Json > Value Json > String Quoted Json,source Json Meta Structure Array Json > Value Json > String Quoted Json,source Json Meta Structure Dictionary Json > Value Json > String Quoted Json > Punctuation,source Json Meta Structure Array Json > Value Json > String Quoted Json > Punctuation",
		"scope": "source.json meta.structure.dictionary.json > value.json > string.quoted.json,source.json meta.structure.array.json > value.json > string.quoted.json,source.json meta.structure.dictionary.json > value.json > string.quoted.json > punctuation,source.json meta.structure.array.json > value.json > string.quoted.json > punctuation",
		"settings": {
		  "foreground": "#98c379"
		}
	  },
	  {
		"name": "Source Json Meta Structure Dictionary Json > Constant Language Json,source Json Meta Structure Array Json > Constant Language Json",
		"scope": "source.json meta.structure.dictionary.json > constant.language.json,source.json meta.structure.array.json > constant.language.json",
		"settings": {
		  "foreground": "#56b6c2"
		}
	  },
	  {
		"name": "[VSCODE-CUSTOM] JSON Property Name",
		"scope": "support.type.property-name.json",
		"settings": {
		  "foreground": "#e06c75"
		}
	  },
	  {
		"name": "[VSCODE-CUSTOM] JSON Punctuation for Property Name",
		"scope": "support.type.property-name.json punctuation",
		"settings": {
		  "foreground": "#e06c75"
		}
	  },
	  {
		"name": "laravel blade tag",
		"scope": "text.html.laravel-blade source.php.embedded.line.html entity.name.tag.laravel-blade",
		"settings": {
		  "foreground": "#c678dd"
		}
	  },
	  {
		"name": "laravel blade @",
		"scope": "text.html.laravel-blade source.php.embedded.line.html support.constant.laravel-blade",
		"settings": {
		  "foreground": "#c678dd"
		}
	  },
	  {
		"name": "use statement for other classes",
		"scope": "support.other.namespace.use.php,support.other.namespace.use-as.php,support.other.namespace.php,entity.other.alias.php,meta.interface.php",
		"settings": {
		  "foreground": "#E5C07B"
		}
	  },
	  {
		"name": "error suppression",
		"scope": "keyword.operator.error-control.php",
		"settings": {
		  "foreground": "#c678dd"
		}
	  },
	  {
		"name": "php instanceof",
		"scope": "keyword.operator.type.php",
		"settings": {
		  "foreground": "#c678dd"
		}
	  },
	  {
		"name": "style double quoted array index normal begin",
		"scope": "punctuation.section.array.begin.php",
		"settings": {
		  "foreground": "#abb2bf"
		}
	  },
	  {
		"name": "style double quoted array index normal end",
		"scope": "punctuation.section.array.end.php",
		"settings": {
		  "foreground": "#abb2bf"
		}
	  },
	  {
		"name": "php illegal.non-null-typehinted",
		"scope": "invalid.illegal.non-null-typehinted.php",
		"settings": {
		  "foreground": "#f44747"
		}
	  },
	  {
		"name": "php types",
		"scope": "storage.type.php,meta.other.type.phpdoc.php,keyword.other.type.php,keyword.other.array.phpdoc.php",
		"settings": {
		  "foreground": "#E5C07B"
		}
	  },
	  {
		"name": "php call-function",
		"scope": "meta.function-call.php,meta.function-call.object.php,meta.function-call.static.php",
		"settings": {
		  "foreground": "#61AFEF"
		}
	  },
	  {
		"name": "php function-resets",
		"scope": "punctuation.definition.parameters.begin.bracket.round.php,punctuation.definition.parameters.end.bracket.round.php,punctuation.separator.delimiter.php,punctuation.section.scope.begin.php,punctuation.section.scope.end.php,punctuation.terminator.expression.php,punctuation.definition.arguments.begin.bracket.round.php,punctuation.definition.arguments.end.bracket.round.php,punctuation.definition.storage-type.begin.bracket.round.php,punctuation.definition.storage-type.end.bracket.round.php,punctuation.definition.array.begin.bracket.round.php,punctuation.definition.array.end.bracket.round.php,punctuation.definition.begin.bracket.round.php,punctuation.definition.end.bracket.round.php,punctuation.definition.begin.bracket.curly.php,punctuation.definition.end.bracket.curly.php,punctuation.definition.section.switch-block.end.bracket.curly.php,punctuation.definition.section.switch-block.start.bracket.curly.php,punctuation.definition.section.switch-block.begin.bracket.curly.php,punctuation.definition.section.switch-block.end.bracket.curly.php",
		"settings": {
		  "foreground": "#abb2bf"
		}
	  },
	  {
		"name": "support php constants",
		"scope": "support.constant.ext.php,support.constant.std.php,support.constant.core.php,support.constant.parser-token.php",
		"settings": {
		  "foreground": "#d19a66"
		}
	  },
	  {
		"name": "php goto",
		"scope": "entity.name.goto-label.php,support.other.php",
		"settings": {
		  "foreground": "#61AFEF"
		}
	  },
	  {
		"name": "php logical/bitwise operator",
		"scope": "keyword.operator.logical.php,keyword.operator.bitwise.php,keyword.operator.arithmetic.php",
		"settings": {
		  "foreground": "#56b6c2"
		}
	  },
	  {
		"name": "php regexp operator",
		"scope": "keyword.operator.regexp.php",
		"settings": {
		  "foreground": "#c678dd"
		}
	  },
	  {
		"name": "php comparison",
		"scope": "keyword.operator.comparison.php",
		"settings": {
		  "foreground": "#56b6c2"
		}
	  },
	  {
		"name": "php heredoc/nowdoc",
		"scope": "keyword.operator.heredoc.php,keyword.operator.nowdoc.php",
		"settings": {
		  "foreground": "#c678dd"
		}
	  },
	  {
		"name": "python function decorator @",
		"scope": "meta.function.decorator.python",
		"settings": {
		  "foreground": "#61AFEF"
		}
	  },
	  {
		"name": "python function support",
		"scope": "support.token.decorator.python,meta.function.decorator.identifier.python",
		"settings": {
		  "foreground": "#56b6c2"
		}
	  },
	  {
		"name": "parameter function",
		"scope": "function.parameter",
		"settings": {
		  "foreground": "#d19a66"
		}
	  },
	  {
		"name": "parameter function js/ts",
		"scope": "function.parameter",
		"settings": {
		  "foreground": "#abb2bf"
		}
	  },
	  {
		"name": "brace function",
		"scope": "function.brace",
		"settings": {
		  "foreground": "#abb2bf"
		}
	  },
	  {
		"name": "parameter function ruby cs",
		"scope": "function.parameter.ruby, function.parameter.cs",
		"settings": {
		  "foreground": "#abb2bf"
		}
	  },
	  {
		"name": "constant.language.symbol.ruby",
		"scope": "constant.language.symbol.ruby",
		"settings": {
		  "foreground": "#56b6c2"
		}
	  },
	  {
		"name": "rgb-value",
		"scope": "rgb-value",
		"settings": {
		  "foreground": "#56b6c2"
		}
	  },
	  {
		"name": "rgb value",
		"scope": "inline-color-decoration rgb-value",
		"settings": {
		  "foreground": "#d19a66"
		}
	  },
	  {
		"name": "rgb value less",
		"scope": "less rgb-value",
		"settings": {
		  "foreground": "#d19a66"
		}
	  },
	  {
		"name": "sass selector",
		"scope": "selector.sass",
		"settings": {
		  "foreground": "#e06c75"
		}
	  },
	  {
		"name": "ts primitive/builtin types",
		"scope": "support.type.primitive.ts,support.type.builtin.ts,support.type.primitive.tsx,support.type.builtin.tsx",
		"settings": {
		  "foreground": "#E5C07B"
		}
	  },
	  {
		"name": "block scope",
		"scope": "block.scope.end,block.scope.begin",
		"settings": {
		  "foreground": "#abb2bf"
		}
	  },
	  {
		"name": "cs storage type",
		"scope": "storage.type.cs",
		"settings": {
		  "foreground": "#E5C07B"
		}
	  },
	  {
		"name": "cs local variable",
		"scope": "entity.name.variable.local.cs",
		"settings": {
		  "foreground": "#e06c75"
		}
	  },
	  {
		"scope": "token.info-token",
		"settings": {
		  "foreground": "#61AFEF"
		}
	  },
	  {
		"scope": "token.warn-token",
		"settings": {
		  "foreground": "#d19a66"
		}
	  },
	  {
		"scope": "token.error-token",
		"settings": {
		  "foreground": "#f44747"
		}
	  },
	  {
		"scope": "token.debug-token",
		"settings": {
		  "foreground": "#c678dd"
		}
	  },
	  {
		"name": "String interpolation",
		"scope": [
		  "punctuation.definition.template-expression.begin",
		  "punctuation.definition.template-expression.end",
		  "punctuation.section.embedded"
		],
		"settings": {
		  "foreground": "#c678dd"
		}
	  },
	  {
		"name": "Reset JavaScript string interpolation expression",
		"scope": [
		  "meta.template.expression"
		],
		"settings": {
		  "foreground": "#abb2bf"
		}
	  },
	  {
		"name": "Import module JS",
		"scope": [
		  "keyword.operator.module"
		],
		"settings": {
		  "foreground": "#c678dd"
		}
	  },
	  {
		"name": "js Flowtype",
		"scope": [
		  "support.type.type.flowtype"
		],
		"settings": {
		  "foreground": "#61AFEF"
		}
	  },
	  {
		"name": "js Flow",
		"scope": [
		  "support.type.primitive"
		],
		"settings": {
		  "foreground": "#E5C07B"
		}
	  },
	  {
		"name": "js class prop",
		"scope": [
		  "meta.property.object"
		],
		"settings": {
		  "foreground": "#e06c75"
		}
	  },
	  {
		"name": "js func parameter",
		"scope": [
		  "variable.parameter.function.js"
		],
		"settings": {
		  "foreground": "#e06c75"
		}
	  },
	  {
		"name": "js template literals begin",
		"scope": [
		  "keyword.other.template.begin"
		],
		"settings": {
		  "foreground": "#98c379"
		}
	  },
	  {
		"name": "js template literals end",
		"scope": [
		  "keyword.other.template.end"
		],
		"settings": {
		  "foreground": "#98c379"
		}
	  },
	  {
		"name": "js template literals variable braces begin",
		"scope": [
		  "keyword.other.substitution.begin"
		],
		"settings": {
		  "foreground": "#98c379"
		}
	  },
	  {
		"name": "js template literals variable braces end",
		"scope": [
		  "keyword.other.substitution.end"
		],
		"settings": {
		  "foreground": "#98c379"
		}
	  },
	  {
		"name": "js operator.assignment",
		"scope": [
		  "keyword.operator.assignment"
		],
		"settings": {
		  "foreground": "#56b6c2"
		}
	  },
	  {
		"name": "go operator",
		"scope": [
		  "keyword.operator.assignment.go",
		  "keyword.operator.address.go"
		],
		"settings": {
		  "foreground": "#E5C07B"
		}
	  },
	  {
		"name": "Go package name",
		"scope": [
		  "entity.name.package.go"
		],
		"settings": {
		  "foreground": "#E5C07B"
		}
	  },
	  {
		"name": "elm prelude",
		"scope": [
		  "support.type.prelude.elm"
		],
		"settings": {
		  "foreground": "#56b6c2"
		}
	  },
	  {
		"name": "elm constant",
		"scope": [
		  "support.constant.elm"
		],
		"settings": {
		  "foreground": "#d19a66"
		}
	  },
	  {
		"name": "template literal",
		"scope": [
		  "punctuation.quasi.element"
		],
		"settings": {
		  "foreground": "#c678dd"
		}
	  },
	  {
		"name": "html/pug (jade) escaped characters and entities",
		"scope": [
		  "constant.character.entity"
		],
		"settings": {
		  "foreground": "#e06c75"
		}
	  },
	  {
		"name": "styling css pseudo-elements/classes to be able to differentiate from classes which are the same colour",
		"scope": [
		  "entity.other.attribute-name.pseudo-element",
		  "entity.other.attribute-name.pseudo-class"
		],
		"settings": {
		  "foreground": "#56b6c2"
		}
	  },
	  {
		"name": "Clojure globals",
		"scope": [
		  "entity.global.clojure"
		],
		"settings": {
		  "foreground": "#E5C07B"
		}
	  },
	  {
		"name": "Clojure symbols",
		"scope": [
		  "meta.symbol.clojure"
		],
		"settings": {
		  "foreground": "#e06c75"
		}
	  },
	  {
		"name": "Clojure constants",
		"scope": [
		  "constant.keyword.clojure"
		],
		"settings": {
		  "foreground": "#56b6c2"
		}
	  },
	  {
		"name": "CoffeeScript Function Argument",
		"scope": [
		  "meta.arguments.coffee",
		  "variable.parameter.function.coffee"
		],
		"settings": {
		  "foreground": "#e06c75"
		}
	  },
	  {
		"name": "Ini Default Text",
		"scope": [
		  "source.ini"
		],
		"settings": {
		  "foreground": "#98c379"
		}
	  },
	  {
		"name": "Makefile prerequisities",
		"scope": [
		  "meta.scope.prerequisites.makefile"
		],
		"settings": {
		  "foreground": "#e06c75"
		}
	  },
	  {
		"name": "Makefile text colour",
		"scope": [
		  "source.makefile"
		],
		"settings": {
		  "foreground": "#E5C07B"
		}
	  },
	  {
		"name": "Groovy import names",
		"scope": [
		  "storage.modifier.import.groovy"
		],
		"settings": {
		  "foreground": "#E5C07B"
		}
	  },
	  {
		"name": "Groovy Methods",
		"scope": [
		  "meta.method.groovy"
		],
		"settings": {
		  "foreground": "#61AFEF"
		}
	  },
	  {
		"name": "Groovy Variables",
		"scope": [
		  "meta.definition.variable.name.groovy"
		],
		"settings": {
		  "foreground": "#e06c75"
		}
	  },
	  {
		"name": "Groovy Inheritance",
		"scope": [
		  "meta.definition.class.inherited.classes.groovy"
		],
		"settings": {
		  "foreground": "#98c379"
		}
	  },
	  {
		"name": "HLSL Semantic",
		"scope": [
		  "support.variable.semantic.hlsl"
		],
		"settings": {
		  "foreground": "#E5C07B"
		}
	  },
	  {
		"name": "HLSL Types",
		"scope": [
		  "support.type.texture.hlsl",
		  "support.type.sampler.hlsl",
		  "support.type.object.hlsl",
		  "support.type.object.rw.hlsl",
		  "support.type.fx.hlsl",
		  "support.type.object.hlsl"
		],
		"settings": {
		  "foreground": "#c678dd"
		}
	  },
	  {
		"name": "SQL Variables",
		"scope": [
		  "text.variable",
		  "text.bracketed"
		],
		"settings": {
		  "foreground": "#e06c75"
		}
	  },
	  {
		"name": "types",
		"scope": [
		  "support.type.swift",
		  "support.type.vb.asp"
		],
		"settings": {
		  "foreground": "#E5C07B"
		}
	  },
	  {
		"name": "js object key",
		"scope": "meta.object-literal.key",
		"settings": {
		  "foreground": "#56b6c2"
		}
	  }
	]
  }